Menmonique;paramètres;;;;opcode;;;;extension
ADD;r/m8;r8;;;;;0;;r
ADD;r/m16/32;r16/32;;;;;1;;r
ADD;r8;r/m8;;;;;2;;r
ADD;r16/32;r/m16/32;;;;;3;;r
ADD;AL;imm8;;;;;4;;
ADD;eAX;imm16/32;;;;;5;;
PUSH;ES;;;;;;6;;
POP;ES;;;;;;7;;
OR;r/m8;r8;;;;;8;;r
OR;r/m16/32;r16/32;;;;;9;;r
OR;r8;r/m8;;;;;0A;;r
OR;r16/32;r/m16/32;;;;;0B;;r
OR;AL;imm8;;;;;0C;;
OR;eAX;imm16/32;;;;;0D;;
PUSH;CS;;;;;;0E;;
ADC;r/m8;r8;;;;;10;;r
ADC;r/m16/32;r16/32;;;;;11;;r
ADC;r8;r/m8;;;;;12;;r
ADC;r16/32;r/m16/32;;;;;13;;r
ADC;AL;imm8;;;;;14;;
ADC;eAX;imm16/32;;;;;15;;
PUSH;SS;;;;;;16;;
POP;SS;;;;;;17;;
SBB;r/m8;r8;;;;;18;;r
SBB;r/m16/32;r16/32;;;;;19;;r
SBB;r8;r/m8;;;;;1A;;r
SBB;r16/32;r/m16/32;;;;;1B;;r
SBB;AL;imm8;;;;;1C;;
SBB;eAX;imm16/32;;;;;1D;;
PUSH;DS;;;;;;1E;;
POP;DS;;;;;;1F;;
AND;r/m8;r8;;;;;20;;r
AND;r/m16/32;r16/32;;;;;21;;r
AND;r8;r/m8;;;;;22;;r
AND;r16/32;r/m16/32;;;;;23;;r
AND;AL;imm8;;;;;24;;
AND;eAX;imm16/32;;;;;25;;
DAA;AL;;;;;;27;;
SUB;r/m8;r8;;;;;28;;r
SUB;r/m16/32;r16/32;;;;;29;;r
SUB;r8;r/m8;;;;;2A;;r
SUB;r16/32;r/m16/32;;;;;2B;;r
SUB;AL;imm8;;;;;2C;;
SUB;eAX;imm16/32;;;;;2D;;
DAS;AL;;;;;;2F;;
XOR;r/m8;r8;;;;;30;;r
XOR;r/m16/32;r16/32;;;;;31;;r
XOR;r8;r/m8;;;;;32;;r
XOR;r16/32;r/m16/32;;;;;33;;r
XOR;AL;imm8;;;;;34;;
XOR;eAX;imm16/32;;;;;35;;
AAA;AL;AH;;;;;37;;
CMP;r/m8;r8;;;;;38;;r
CMP;r/m16/32;r16/32;;;;;39;;r
CMP;r8;r/m8;;;;;3A;;r
CMP;r16/32;r/m16/32;;;;;3B;;r
CMP;AL;imm8;;;;;3C;;
CMP;eAX;imm16/32;;;;;3D;;
AAS;AL;AH;;;;;3F;;
INC;r16/32;;;;;;40+r;;
DEC;r16/32;;;;;;48+r;;
PUSH;r16/32;;;;;;50+r;;
POP;r16/32;;;;;;58+r;;
PUSHA;AX;CX;DX;...;;;60;;
PUSHAD;EAX;ECX;EDX;...;;;60;;
POPA;DI;SI;BP;...;;;61;;
POPAD;EDI;ESI;EBP;...;;;61;;
BOUND;r16/32;m16/32&16/32;eFlags;;;;62;;r
ARPL;r/m16;r16;;;;;63;;r
PUSH;imm16/32;;;;;;68;;
IMUL;r16/32;r/m16/32;imm16/32;;;;69;;r
PUSH;imm8;;;;;;6A;;
IMUL;r16/32;r/m16/32;imm8;;;;6B;;r
INS;m8;DX;;;;;6C;;
INSB;m8;DX;;;;;6C;;
INS;m16;DX;;;;;6D;;
INSW;m16;DX;;;;;6D;;
INS;m16/32;DX;;;;;6D;;
INSD;m32;DX;;;;;6D;;
OUTS;DX;m8;;;;;6E;;
OUTSB;DX;m8;;;;;6E;;
OUTS;DX;m16;;;;;6F;;
OUTSW;DX;m16;;;;;6F;;
OUTS;DX;m16/32;;;;;6F;;
OUTSD;DX;m32;;;;;6F;;
JO;rel8;;;;;;70;;
JNO;rel8;;;;;;71;;
JB;rel8;;;;;;72;;
JNAE;rel8;;;;;;72;;
JC;rel8;;;;;;72;;
JNB;rel8;;;;;;73;;
JAE;rel8;;;;;;73;;
JNC;rel8;;;;;;73;;
JZ;rel8;;;;;;74;;
JE;rel8;;;;;;74;;
JNZ;rel8;;;;;;75;;
JNE;rel8;;;;;;75;;
JBE;rel8;;;;;;76;;
JNA;rel8;;;;;;76;;
JNBE;rel8;;;;;;77;;
JA;rel8;;;;;;77;;
JS;rel8;;;;;;78;;
JNS;rel8;;;;;;79;;
JP;rel8;;;;;;7A;;
JPE;rel8;;;;;;7A;;
JNP;rel8;;;;;;7B;;
JPO;rel8;;;;;;7B;;
JL;rel8;;;;;;7C;;
JNGE;rel8;;;;;;7C;;
JNL;rel8;;;;;;7D;;
JGE;rel8;;;;;;7D;;
JLE;rel8;;;;;;7E;;
JNG;rel8;;;;;;7E;;
JNLE;rel8;;;;;;7F;;
JG;rel8;;;;;;7F;;
ADD;r/m8;imm8;;;;;80;;0
OR;r/m8;imm8;;;;;80;;1
ADC;r/m8;imm8;;;;;80;;2
SBB;r/m8;imm8;;;;;80;;3
AND;r/m8;imm8;;;;;80;;4
SUB;r/m8;imm8;;;;;80;;5
XOR;r/m8;imm8;;;;;80;;6
CMP;r/m8;imm8;;;;;80;;7
ADD;r/m16/32;imm16/32;;;;;81;;0
OR;r/m16/32;imm16/32;;;;;81;;1
ADC;r/m16/32;imm16/32;;;;;81;;2
SBB;r/m16/32;imm16/32;;;;;81;;3
AND;r/m16/32;imm16/32;;;;;81;;4
SUB;r/m16/32;imm16/32;;;;;81;;5
XOR;r/m16/32;imm16/32;;;;;81;;6
CMP;r/m16/32;imm16/32;;;;;81;;7
ADD;r/m8;imm8;;;;;82;;0
OR;r/m8;imm8;;;;;82;;1
ADC;r/m8;imm8;;;;;82;;2
SBB;r/m8;imm8;;;;;82;;3
AND;r/m8;imm8;;;;;82;;4
SUB;r/m8;imm8;;;;;82;;5
XOR;r/m8;imm8;;;;;82;;6
CMP;r/m8;imm8;;;;;82;;7
ADD;r/m16/32;imm8;;;;;83;;0
OR;r/m16/32;imm8;;;;;83;;1
ADC;r/m16/32;imm8;;;;;83;;2
SBB;r/m16/32;imm8;;;;;83;;3
AND;r/m16/32;imm8;;;;;83;;4
SUB;r/m16/32;imm8;;;;;83;;5
XOR;r/m16/32;imm8;;;;;83;;6
CMP;r/m16/32;imm8;;;;;83;;7
TEST;r/m8;r8;;;;;84;;r
TEST;r/m16/32;r16/32;;;;;85;;r
XCHG;r8;r/m8;;;;;86;;r
XCHG;r16/32;r/m16/32;;;;;87;;r
MOV;r/m8;r8;;;;;88;;r
MOV;r/m16/32;r16/32;;;;;89;;r
MOV;r8;r/m8;;;;;8A;;r
MOV;r16/32;r/m16/32;;;;;8B;;r
MOV;m16;sreg;;;;;8C;;r
MOV;r16/32;sreg;;;;;8C;;
LEA;r16/32;m;;;;;8D;;r
MOV;sreg;r/m16;;;;;8E;;r
POP;r/m16/32;;;;;;8F;;0
XCHG;r16/32;eAX;;;;;90+r;;
NOP;;;;;;;90;;
PAUSE;;;;;;F3;90;;
CBW;AX;AL;;;;;98;;
CWDE;EAX;AX;;;;;98;;
CWD;DX;AX;;;;;99;;
CDQ;EDX;EAX;;;;;99;;
CALLF;ptr16:16/32;;;;;;9A;;
FWAIT;;;;;;;9B;;
WAIT;;;;;;;9B;;
PUSHF;Flags;;;;;;9C;;
PUSHFD;EFlags;;;;;;9C;;
POPF;Flags;;;;;;9D;;
POPFD;EFlags;;;;;;9D;;
SAHF;AH;;;;;;9E;;
LAHF;AH;;;;;;9F;;
MOV;AL;moffs8;;;;;A0;;
MOV;EAX;moffs16/32;;;;;A1;;
MOV;moffs8;AL;;;;;A2;;
MOV;moffs16/32;eAX;;;;;A3;;
MOVS;m8;m8;;;;;A4;;
MOVSB;m8;m8;;;;;A4;;
MOVS;m16;m16;;;;;A5;;
MOVSW;m16;m16;;;;;A5;;
MOVS;m16/32;m16/32;;;;;A5;;
MOVSD;m32;m32;;;;;A5;;
CMPS;m8;m8;;;;;A6;;
CMPSB;m8;m8;;;;;A6;;
CMPS;m16;m16;;;;;A7;;
CMPSW;m16;m16;;;;;A7;;
CMPS;m16/32;m16/32;;;;;A7;;
CMPSD;m32;m32;;;;;A7;;
TEST;AL;imm8;;;;;A8;;
TEST;eAX;imm16/32;;;;;A9;;
STOS;m8;AL;;;;;AA;;
STOSB;m8;AL;;;;;AA;;
STOS;m16;AX;;;;;AB;;
STOSW;m16;AX;;;;;AB;;
STOS;m16/32;eAX;;;;;AB;;
STOSD;m32;EAX;;;;;AB;;
LODS;AL;m8;;;;;AC;;
LODSB;AL;m8;;;;;AC;;
LODS;AX;m16;;;;;AD;;
LODSW;AX;m16;;;;;AD;;
LODS;eAX;m16/32;;;;;AD;;
LODSD;EAX;m32;;;;;AD;;
SCAS;m8;AL;;;;;AE;;
SCASB;m8;AL;;;;;AE;;
SCAS;m16;AX;;;;;AF;;
SCASW;m16;AX;;;;;AF;;
SCAS;m16/32;eAX;;;;;AF;;
SCASD;m32;EAX;;;;;AF;;
MOV;r8;imm8;;;;;B0+r;;
MOV;r16/32/64;imm16/32/64;;;;;B8+r;;
ROL;r/m8;imm8;;;;;C0;;0
ROR;r/m8;imm8;;;;;C0;;1
RCL;r/m8;imm8;;;;;C0;;2
RCR;r/m8;imm8;;;;;C0;;3
SHL;r/m8;imm8;;;;;C0;;4
SAL;r/m8;imm8;;;;;C0;;4
SHR;r/m8;imm8;;;;;C0;;5
SAL;r/m8;imm8;;;;;C0;;6
SHL;r/m8;imm8;;;;;C0;;6
SAR;r/m8;imm8;;;;;C0;;7
ROL;r/m16/32;imm8;;;;;C1;;0
ROR;r/m16/32;imm8;;;;;C1;;1
RCL;r/m16/32;imm8;;;;;C1;;2
RCR;r/m16/32;imm8;;;;;C1;;3
SHL;r/m16/32;imm8;;;;;C1;;4
SAL;r/m16/32;imm8;;;;;C1;;4
SHR;r/m16/32;imm8;;;;;C1;;5
SAL;r/m16/32;imm8;;;;;C1;;6
SHL;r/m16/32;imm8;;;;;C1;;6
SAR;r/m16/32;imm8;;;;;C1;;7
RET;imm16;;;;;;C2;;
RET;;;;;;;C3;;
LES;ES;r16/32;m16:16/32;;;;C4;;r
LDS;DS;r16/32;m16:16/32;;;;C5;;r
MOV;r/m8;imm8;;;;;C6;;0
MOV;r/m16/32;imm16/32/64;;;;;C7;;0
ENTER;eBP;imm16;imm8;;;;C8;;
LEAVE;eBP;;;;;;C9;;
RETF;imm16;;;;;;CA;;
RETF;;;;;;;CB;;
INT;3;eFlags;;;;;CC;;
INT;imm8;eFlags;;;;;CD;;
INTO;eFlags;;;;;;CE;;
IRET;Flags;;;;;;CF;;
IRETD;EFlags;;;;;;CF;;
ROL;r/m8;;;;;;D0;;0
ROR;r/m8;;;;;;D0;;1
RCL;r/m8;;;;;;D0;;2
RCR;r/m8;;;;;;D0;;3
SHL;r/m8;;;;;;D0;;4
SAL;r/m8;;;;;;D0;;4
SHR;r/m8;;;;;;D0;;5
SAL;r/m8;;;;;;D0;;6
SHL;r/m8;;;;;;D0;;6
SAR;r/m8;;;;;;D0;;7
ROL;r/m16/32;;;;;;D1;;0
ROR;r/m16/32;;;;;;D1;;1
RCL;r/m16/32;;;;;;D1;;2
RCR;r/m16/32;;;;;;D1;;3
SHL;r/m16/32;;;;;;D1;;4
SAL;r/m16/32;;;;;;D1;;4
SHR;r/m16/32;;;;;;D1;;5
SAL;r/m16/32;;;;;;D1;;6
SHL;r/m16/32;;;;;;D1;;6
SAR;r/m16/32;;;;;;D1;;7
ROL;r/m8;CL;;;;;D2;;0
ROR;r/m8;CL;;;;;D2;;1
RCL;r/m8;CL;;;;;D2;;2
RCR;r/m8;CL;;;;;D2;;3
SHL;r/m8;CL;;;;;D2;;4
SAL;r/m8;CL;;;;;D2;;4
SHR;r/m8;CL;;;;;D2;;5
SAL;r/m8;CL;;;;;D2;;6
SHL;r/m8;CL;;;;;D2;;6
SAR;r/m8;CL;;;;;D2;;7
ROL;r/m16/32;CL;;;;;D3;;0
ROR;r/m16/32;CL;;;;;D3;;1
RCL;r/m16/32;CL;;;;;D3;;2
RCR;r/m16/32;CL;;;;;D3;;3
SHL;r/m16/32;CL;;;;;D3;;4
SAL;r/m16/32;CL;;;;;D3;;4
SHR;r/m16/32;CL;;;;;D3;;5
SAL;r/m16/32;CL;;;;;D3;;6
SHL;r/m16/32;CL;;;;;D3;;6
SAR;r/m16/32;CL;;;;;D3;;7
AAM;AL;AH;;;;;D4;0A;
AMX;AL;AH;imm8;;;;D4;;
AAD;AL;AH;;;;;D5;0A;
ADX;AL;AH;imm8;;;;D5;;
SALC;AL;;;;;;D6;;
SETALC;AL;;;;;;D6;;
XLAT;AL;m8;;;;;D7;;
XLATB;AL;m8;;;;;D7;;
FADD;ST;m32real;;;;;D8;;0
FADD;ST;STi;;;;;D8;;0
FMUL;ST;m32real;;;;;D8;;1
FMUL;ST;STi;;;;;D8;;1
FCOM;ST;STi/m32real;;;;;D8;;2
FCOM;ST;ST1;;;;;D8;D1;2
FCOMP;ST;STi/m32real;;;;;D8;;3
FCOMP;ST;ST1;;;;;D8;D9;3
FSUB;ST;m32real;;;;;D8;;4
FSUB;ST;STi;;;;;D8;;4
FSUBR;ST;m32real;;;;;D8;;5
FSUBR;ST;STi;;;;;D8;;5
FDIV;ST;m32real;;;;;D8;;6
FDIV;ST;STi;;;;;D8;;6
FDIVR;ST;m32real;;;;;D8;;7
FDIVR;ST;STi;;;;;D8;;7
FLD;ST;STi/m32real;;;;;D9;;0
FXCH;ST;STi;;;;;D9;;1
FXCH;ST;ST1;;;;;D9;C9;1
FST;m32real;ST;;;;;D9;;2
FNOP;;;;;;;D9;D0;2
FSTP;m32real;ST;;;;;D9;;3
FSTP1;STi;ST;;;;;D9;;3
FLDENV;m14/28;;;;;;D9;;4
FCHS;ST;;;;;;D9;E0;4
FABS;ST;;;;;;D9;E1;4
FTST;ST;;;;;;D9;E4;4
FXAM;ST;;;;;;D9;E5;4
FLDCW;m16;;;;;;D9;;5
FLD1;ST;;;;;;D9;E8;5
FLDL2T;ST;;;;;;D9;E9;5
FLDL2E;ST;;;;;;D9;EA;5
FLDPI;ST;;;;;;D9;EB;5
FLDLG2;ST;;;;;;D9;EC;5
FLDLN2;ST;;;;;;D9;ED;5
FLDZ;ST;;;;;;D9;EE;5
FNSTENV;m14/28;;;;;;D9;;6
FSTENV;m14/28;;;;;9B;D9;;6
F2XM1;ST;;;;;;D9;F0;6
FYL2X;ST1;ST;;;;;D9;F1;6
FPTAN;ST;;;;;;D9;F2;6
FPATAN;ST1;ST;;;;;D9;F3;6
FXTRACT;ST;;;;;;D9;F4;6
FPREM1;ST;ST1;;;;;D9;F5;6
FDECSTP;;;;;;;D9;F6;6
FINCSTP;;;;;;;D9;F7;6
FNSTCW;m16;;;;;;D9;;7
FSTCW;m16;;;;;9B;D9;;7
FPREM;ST;ST1;;;;;D9;F8;7
FYL2XP1;ST1;ST;;;;;D9;F9;7
FSQRT;ST;;;;;;D9;FA;7
FSINCOS;ST;;;;;;D9;FB;7
FRNDINT;ST;;;;;;D9;FC;7
FSCALE;ST;ST1;;;;;D9;FD;7
FSIN;ST;;;;;;D9;FE;7
FCOS;ST;;;;;;D9;FF;7
FIADD;ST;m32int;;;;;DA;;0
FCMOVB;ST;STi;;;;;DA;;0
FIMUL;ST;m32int;;;;;DA;;1
FCMOVE;ST;STi;;;;;DA;;1
FICOM;ST;m32int;;;;;DA;;2
FCMOVBE;ST;STi;;;;;DA;;2
FICOMP;ST;m32int;;;;;DA;;3
FCMOVU;ST;STi;;;;;DA;;3
FISUB;ST;m32int;;;;;DA;;4
FISUBR;ST;m32int;;;;;DA;;5
FUCOMPP;ST;ST1;;;;;DA;E9;5
FIDIV;ST;m32int;;;;;DA;;6
FIDIVR;ST;m32int;;;;;DA;;7
FILD;ST;m32int;;;;;DB;;0
FCMOVNB;ST;STi;;;;;DB;;0
FISTTP;m32int;ST;;;;;DB;;1
FCMOVNE;ST;STi;;;;;DB;;1
FIST;m32int;ST;;;;;DB;;2
FCMOVNBE;ST;STi;;;;;DB;;2
FISTP;m32int;ST;;;;;DB;;3
FCMOVNU;ST;STi;;;;;DB;;3
FNENI nop;;;;;;;DB;E0;4
FNDISI nop;;;;;;;DB;E1;4
FNCLEX;;;;;;;DB;E2;4
FCLEX;;;;;;9B;DB;E2;4
FNINIT;;;;;;;DB;E3;4
FINIT;;;;;;9B;DB;E3;4
FNSETPMnop;;;;;;;DB;E4;4
FLD;ST;m80real;;;;;DB;;5
FUCOMI;ST;STi;;;;;DB;;5
FCOMI;ST;STi;;;;;DB;;6
FSTP;m80real;ST;;;;;DB;;7
FADD;ST;m64real;;;;;DC;;0
FADD;STi;ST;;;;;DC;;0
FMUL;ST;m64real;;;;;DC;;1
FMUL;STi;ST;;;;;DC;;1
FCOM;ST;m64real;;;;;DC;;2
FCOM2;ST;STi;;;;;DC;;2
FCOMP;ST;m64real;;;;;DC;;3
FCOMP3;ST;STi;;;;;DC;;3
FSUB;ST;m64real;;;;;DC;;4
FSUBR;STi;ST;;;;;DC;;4
FSUBR;ST;m64real;;;;;DC;;5
FSUB;STi;ST;;;;;DC;;5
FDIV;ST;m64real;;;;;DC;;6
FDIVR;STi;ST;;;;;DC;;6
FDIVR;ST;m64real;;;;;DC;;7
FDIV;STi;ST;;;;;DC;;7
FLD;ST;m64real;;;;;DD;;0
FFREE;STi;;;;;;DD;;0
FISTTP;m64int;ST;;;;;DD;;1
FXCH4;ST;STi;;;;;DD;;1
FST;m64real;ST;;;;;DD;;2
FST;ST;STi;;;;;DD;;2
FSTP;m64real;ST;;;;;DD;;3
FSTP;ST;STi;;;;;DD;;3
FRSTOR;ST;ST1;ST2;...;;;DD;;4
FUCOM;ST;STi;;;;;DD;;4
FUCOM;ST;ST1;;;;;DD;E1;4
FUCOMP;ST;STi;;;;;DD;;5
FUCOMP;ST;ST1;;;;;DD;E9;5
FNSAVE;m94/108;ST;ST1;...;;;DD;;6
FSAVE;m94/108;ST;ST1;...;;9B;DD;;6
FNSTSW;m16;;;;;;DD;;7
FSTSW;m16;;;;;9B;DD;;7
FIADD;ST;m16int;;;;;DE;;0
FADDP;STi;ST;;;;;DE;;0
FADDP;ST1;ST;;;;;DE;C1;0
FIMUL;ST;m16int;;;;;DE;;1
FMULP;STi;ST;;;;;DE;;1
FMULP;ST1;ST;;;;;DE;C9;1
FICOM;ST;m16int;;;;;DE;;2
FCOMP5;ST;STi;;;;;DE;;2
FICOMP;ST;m16int;;;;;DE;;3
FCOMPP;ST;ST1;;;;;DE;D9;3
FISUB;ST;m16int;;;;;DE;;4
FSUBRP;STi;ST;;;;;DE;;4
FSUBRP;ST1;ST;;;;;DE;E1;4
FISUBR;ST;m16int;;;;;DE;;5
FSUBP;STi;ST;;;;;DE;;5
FSUBP;ST1;ST;;;;;DE;E9;5
FIDIV;ST;m16int;;;;;DE;;6
FDIVRP;STi;ST;;;;;DE;;6
FDIVRP;ST1;ST;;;;;DE;F1;6
FIDIVR;ST;m16int;;;;;DE;;7
FDIVP;STi;ST;;;;;DE;;7
FDIVP;ST1;ST;;;;;DE;F9;7
FILD;ST;m16int;;;;;DF;;0
FFREEP;STi;;;;;;DF;;0
FISTTP;m16int;ST;;;;;DF;;1
FXCH7;ST;STi;;;;;DF;;1
FIST;m16int;ST;;;;;DF;;2
FSTP8;STi;ST;;;;;DF;;2
FISTP;m16int;ST;;;;;DF;;3
FSTP9;STi;ST;;;;;DF;;3
FBLD;ST;m80dec;;;;;DF;;4
FNSTSW;AX;;;;;;DF;E0;4
FSTSW;AX;;;;;9B;DF;E0;4
FILD;ST;m64int;;;;;DF;;5
FUCOMIP;ST;STi;;;;;DF;;5
FBSTP;m80dec;ST;;;;;DF;;6
FCOMIP;ST;STi;;;;;DF;;6
FISTP;m64int;ST;;;;;DF;;7
LOOPNZ;eCX;rel8;;;;;E0;;
LOOPNE;eCX;rel8;;;;;E0;;
LOOPZ;eCX;rel8;;;;;E1;;
LOOPE;eCX;rel8;;;;;E1;;
LOOP;eCX;rel8;;;;;E2;;
JCXZ;rel8;CX;;;;;E3;;
JECXZ;rel8;ECX;;;;;E3;;
IN;AL;imm8;;;;;E4;;
IN;eAX;imm8;;;;;E5;;
OUT;imm8;AL;;;;;E6;;
OUT;imm8;eAX;;;;;E7;;
CALL;rel16/32;;;;;;E8;;
JMP;rel16/32;;;;;;E9;;
JMPF;ptr16:16/32;;;;;;EA;;
JMP;rel8;;;;;;EB;;
IN;AL;DX;;;;;EC;;
IN;eAX;DX;;;;;ED;;
OUT;DX;AL;;;;;EE;;
OUT;DX;eAX;;;;;EF;;
INT1;eFlags;;;;;;F1;;
REPNZ;eCX;;;;;F2;;;
REPNE;eCX;;;;;F2;;;
REP;eCX;;;;;F2;;;
REPZ;eCX;;;;;F3;;;
REPE;eCX;;;;;F3;;;
REP;eCX;;;;;F3;;;
HLT;;;;;;;F4;;
CMC;;;;;;;F5;;
TEST;r/m8;imm8;;;;;F6;;0
TEST;r/m8;imm8;;;;;F6;;1
NOT;r/m8;;;;;;F6;;2
NEG;r/m8;;;;;;F6;;3
MUL;AX;r/m8;;;;;F6;;4
IMUL;AX;r/m8;;;;;F6;;5
DIV;AL;r/m8;;;;;F6;;6
IDIV;AL;r/m8;;;;;F6;;7
TEST;r/m16/32;imm16/32;;;;;F7;;0
TEST;r/m16/32;imm16/32;;;;;F7;;1
NOT;r/m16/32;;;;;;F7;;2
NEG;r/m16/32;;;;;;F7;;3
MUL;eAX;r/m16/32;;;;;F7;;4
MUL;r/m16/32;;;;;;F7;;4
IMUL;eAX;r/m16/32;;;;;F7;;5
IMUL;r/m16/32;;;;;;F7;;5
DIV;EAX;r/m16/32;;;;;F7;;6
IDIV;EAX;r/m16/32;;;;;F7;;7
CLC;;;;;;;F8;;
STC;;;;;;;F9;;
CLI;;;;;;;FA;;
STI;;;;;;;FB;;
CLD;;;;;;;FC;;
STD;;;;;;;FD;;
INC;r/m8;;;;;;FE;;0
DEC;r/m8;;;;;;FE;;1
INC;r/m16/32;;;;;;FF;;0
DEC;r/m16/32;;;;;;FF;;1
CALL;r/m16/32;;;;;;FF;;2
CALLF;m16:16/32;;;;;;FF;;3
JMP;r/m16/32;;;;;;FF;;4
JMPF;m16:16/32;;;;;;FF;;5
PUSH;r/m16/32;;;;;;FF;;6
SLDT;m16;;;;0F;;0;;0
SLDT;r16/32;;;;0F;;0;;0
STR;m16;;;;0F;;0;;1
STR;r16/32;;;;0F;;0;;1
LLDT;LDTR;r/m16;;;0F;;0;;2
LTR;TR;r/m16;;;0F;;0;;3
VERR;r/m16;;;;0F;;0;;4
VERW;r/m16;;;;0F;;0;;5
SGDT;m;GDTR;;;0F;;1;;0
VMCALL;;;;;0F;;1;C1;0
VMLAUNCH;;;;;0F;;1;C2;0
VMRESUME;;;;;0F;;1;C3;0
VMXOFF;;;;;0F;;1;C4;0
SIDT;m;IDTR;;;0F;;1;;1
MONITOR;m8;ECX;EDX;;0F;;1;C8;1
MWAIT;EAX;ECX;;;0F;;1;C9;1
LGDT;GDTR;m;;;0F;;1;;2
XGETBV;EDX;EAX;ECX;XCR;0F;;1;D0;2
XSETBV;XCR;ECX;EDX;EAX;0F;;1;D1;2
LIDT;IDTR;m;;;0F;;1;;3
SMSW;m16;MSW;;;0F;;1;;4
SMSW;r16/32;MSW;;;0F;;1;;4
LMSW;MSW;r/m16;;;0F;;1;;6
INVLPG;m;;;;0F;;1;;7
RDTSCP;EAX;EDX;ECX;...;0F;;1;F9;7
LAR;r16/32;m16;;;0F;;2;;r
LAR;r16/32;r16/32;;;0F;;2;;
LSL;r16/32;m16;;;0F;;3;;r
LSL;r16/32;r16/32;;;0F;;3;;
CLTS;CR0;;;;0F;;6;;
INVD;;;;;0F;;8;;
WBINVD;;;;;0F;;9;;
UD2;;;;;0F;;0B;;
NOP;r/m16/32;;;;0F;;0D;;
MOVUPS;xmm;xmm/m128;;;0F;;10;;r
MOVSS;xmm;xmm/m32;;;0F;F3;10;;r
MOVUPD;xmm;xmm/m128;;;0F;66;10;;r
MOVSD;xmm;xmm/m64;;;0F;F2;10;;r
MOVUPS;xmm/m128;xmm;;;0F;;11;;r
MOVSS;xmm/m32;xmm;;;0F;F3;11;;r
MOVUPD;xmm/m128;xmm;;;0F;66;11;;r
MOVSD;xmm/m64;xmm;;;0F;F2;11;;r
MOVHLPS;xmm;xmm;;;0F;;12;;r
MOVLPS;xmm;m64;;;0F;;12;;r
MOVLPD;xmm;m64;;;0F;66;12;;r
MOVDDUP;xmm;xmm/m64;;;0F;F2;12;;r
MOVSLDUP;xmm;xmm/m64;;;0F;F3;12;;r
MOVLPS;m64;xmm;;;0F;;13;;r
MOVLPD;m64;xmm;;;0F;66;13;;r
UNPCKLPS;xmm;xmm/m64;;;0F;;14;;r
UNPCKLPD;xmm;xmm/m128;;;0F;66;14;;r
UNPCKHPS;xmm;xmm/m64;;;0F;;15;;r
UNPCKHPD;xmm;xmm/m128;;;0F;66;15;;r
MOVLHPS;xmm;xmm;;;0F;;16;;r
MOVHPS;xmm;m64;;;0F;;16;;r
MOVHPD;xmm;m64;;;0F;66;16;;r
MOVSHDUP;xmm;xmm/m64;;;0F;F3;16;;r
MOVHPS;m64;xmm;;;0F;;17;;r
MOVHPD;m64;xmm;;;0F;66;17;;r
PREFETCHNTA;m8;;;;0F;;18;;0
PREFETCHT0;m8;;;;0F;;18;;1
PREFETCHT1;m8;;;;0F;;18;;2
PREFETCHT2;m8;;;;0F;;18;;3
HINT_NOP;r/m16/32;;;;0F;;18;;4
HINT_NOP;r/m16/32;;;;0F;;18;;5
HINT_NOP;r/m16/32;;;;0F;;18;;6
HINT_NOP;r/m16/32;;;;0F;;18;;7
HINT_NOP;r/m16/32;;;;0F;;19;;
HINT_NOP;r/m16/32;;;;0F;;1A;;
HINT_NOP;r/m16/32;;;;0F;;1B;;
HINT_NOP;r/m16/32;;;;0F;;1C;;
HINT_NOP;r/m16/32;;;;0F;;1D;;
HINT_NOP;r/m16/32;;;;0F;;1E;;
NOP;r/m16/32;;;;0F;;1F;;0
HINT_NOP;r/m16/32;;;;0F;;1F;;1
HINT_NOP;r/m16/32;;;;0F;;1F;;2
HINT_NOP;r/m16/32;;;;0F;;1F;;3
HINT_NOP;r/m16/32;;;;0F;;1F;;4
HINT_NOP;r/m16/32;;;;0F;;1F;;5
HINT_NOP;r/m16/32;;;;0F;;1F;;6
HINT_NOP;r/m16/32;;;;0F;;1F;;7
MOV;r32;creg;;;0F;;20;;r
MOV;r32;creg;;;0F;;20;;r
MOV;r32;dreg;;;0F;;21;;r
MOV;r32;dreg;;;0F;;21;;r
MOV;creg;r32;;;0F;;22;;r
MOV;creg;r32;;;0F;;22;;r
MOV;dreg;r32;;;0F;;23;;r
MOV;dreg;r64;;;0F;;23;;r
MOVAPS;xmm;xmm/m128;;;0F;;28;;r
MOVAPD;xmm;xmm/m128;;;0F;66;28;;r
MOVAPS;xmm/m128;xmm;;;0F;;29;;r
MOVAPD;xmm/m128;xmm;;;0F;66;29;;r
CVTPI2PS;xmm;mm/m64;;;0F;;2A;;r
CVTSI2SS;xmm;r/m32;;;0F;F3;2A;;r
CVTPI2PD;xmm;mm/m64;;;0F;66;2A;;r
CVTSI2SD;xmm;r/m32;;;0F;F2;2A;;r
MOVNTPS;m128;xmm;;;0F;;2B;;r
MOVNTPD;m128;xmm;;;0F;66;2B;;r
CVTTPS2PI;mm;xmm/m64;;;0F;;2C;;r
CVTTSS2SI;r32;xmm/m32;;;0F;F3;2C;;r
CVTTPD2PI;mm;xmm/m128;;;0F;66;2C;;r
CVTTSD2SI;r32;xmm/m64;;;0F;F2;2C;;r
CVTPS2PI;mm;xmm/m64;;;0F;;2D;;r
CVTSS2SI;r32;xmm/m32;;;0F;F3;2D;;r
CVTPD2PI;mm;xmm/m128;;;0F;66;2D;;r
CVTSD2SI;r32;xmm/m64;;;0F;F2;2D;;r
UCOMISS;xmm;xmm/m32;;;0F;;2E;;r
UCOMISD;xmm;xmm/m64;;;0F;66;2E;;r
COMISS;xmm;xmm/m32;;;0F;;2F;;r
COMISD;xmm;xmm/m64;;;0F;66;2F;;r
WRMSR;MSR;ECX;EAX;EDX;0F;;30;;
RDTSC;EAX;EDX;IA32_TIM…;;0F;;31;;
RDMSR;EAX;EDX;ECX;MSR;0F;;32;;
RDPMC;EAX;EDX;PMC;;0F;;33;;
SYSENTER;SS;ESP;IA32_SYS…;...;0F;;34;;
SYSEXIT;SS;eSP;IA32_SYS…;...;0F;;35;;
GETSEC;EAX;;;;0F;;37;;
PSHUFB;mm;mm/m64;;;0F;;38;0;r
PSHUFB;xmm;xmm/m128;;;0F;66;38;0;r
PHADDW;mm;mm/m64;;;0F;;38;1;r
PHADDW;xmm;xmm/m128;;;0F;66;38;1;r
PHADDD;mm;mm/m64;;;0F;;38;2;r
PHADDD;xmm;xmm/m128;;;0F;66;38;2;r
PHADDSW;mm;mm/m64;;;0F;;38;3;r
PHADDSW;xmm;xmm/m128;;;0F;66;38;3;r
PMADDUBSW;mm;mm/m64;;;0F;;38;4;r
PMADDUBSW;xmm;xmm/m128;;;0F;66;38;4;r
PHSUBW;mm;mm/m64;;;0F;;38;5;r
PHSUBW;xmm;xmm/m128;;;0F;66;38;5;r
PHSUBD;mm;mm/m64;;;0F;;38;6;r
PHSUBD;xmm;xmm/m128;;;0F;66;38;6;r
PHSUBSW;mm;mm/m64;;;0F;;38;7;r
PHSUBSW;xmm;xmm/m128;;;0F;66;38;7;r
PSIGNB;mm;mm/m64;;;0F;;38;8;r
PSIGNB;xmm;xmm/m128;;;0F;66;38;8;r
PSIGNW;mm;mm/m64;;;0F;;38;9;r
PSIGNW;xmm;xmm/m128;;;0F;66;38;9;r
PSIGND;mm;mm/m64;;;0F;;38;0A;r
PSIGND;xmm;xmm/m128;;;0F;66;38;0A;r
PMULHRSW;mm;mm/m64;;;0F;;38;0B;r
PMULHRSW;xmm;xmm/m128;;;0F;66;38;0B;r
PBLENDVB;xmm;xmm/m128;XMM0;;0F;66;38;10;r
BLENDVPS;xmm;xmm/m128;XMM0;;0F;66;38;14;r
BLENDVPD;xmm;xmm/m128;XMM0;;0F;66;38;15;r
PTEST;xmm;xmm/m128;;;0F;66;38;17;r
PABSB;mm;mm/m64;;;0F;;38;1C;r
PABSB;xmm;xmm/m128;;;0F;66;38;1C;r
PABSW;mm;mm/m64;;;0F;;38;1D;r
PABSW;xmm;xmm/m128;;;0F;66;38;1D;r
PABSD;mm;mm/m64;;;0F;;38;1E;r
PABSD;xmm;xmm/m128;;;0F;66;38;1E;r
PMOVSXBW;xmm;m64;;;0F;66;38;20;r
PMOVSXBW;xmm;xmm;;;0F;;;;
PMOVSXBD;xmm;m32;;;0F;66;38;21;r
PMOVSXBD;xmm;xmm;;;0F;;;;
PMOVSXBQ;xmm;m16;;;0F;66;38;22;r
PMOVSXBQ;xmm;xmm;;;0F;;;;
PMOVSXWD;xmm;m64;;;0F;66;38;23;r
PMOVSXWD;xmm;xmm;;;0F;;;;
PMOVSXWQ;xmm;m32;;;0F;66;38;24;r
PMOVSXWQ;xmm;xmm;;;0F;;;;
PMOVSXDQ;xmm;m64;;;0F;66;38;25;r
PMOVSXDQ;xmm;xmm;;;0F;;;;
PMULDQ;xmm;xmm/m128;;;0F;66;38;28;r
PCMPEQQ;xmm;xmm/m128;;;0F;66;38;29;r
MOVNTDQA;xmm;m128;;;0F;66;38;2A;r
PACKUSDW;xmm;xmm/m128;;;0F;66;38;2B;r
PMOVZXBW;xmm;m64;;;0F;66;38;30;r
PMOVZXBW;xmm;xmm;;;0F;;;;
PMOVZXBD;xmm;m32;;;0F;66;38;31;r
PMOVZXBD;xmm;xmm;;;0F;;;;
PMOVZXBQ;xmm;m16;;;0F;66;38;32;r
PMOVZXBQ;xmm;xmm;;;0F;;;;
PMOVZXWD;xmm;m64;;;0F;66;38;33;r
PMOVZXWD;xmm;xmm;;;0F;;;;
PMOVZXWQ;xmm;m32;;;0F;66;38;34;r
PMOVZXWQ;xmm;xmm;;;0F;;;;
PMOVZXDQ;xmm;m64;;;0F;66;38;35;r
PMOVZXDQ;xmm;xmm;;;0F;;;;
PCMPGTQ;xmm;xmm/m128;;;0F;66;38;37;r
PMINSB;xmm;xmm/m128;;;0F;66;38;38;r
PMINSD;xmm;xmm/m128;;;0F;66;38;39;r
PMINUW;xmm;xmm/m128;;;0F;66;38;3A;r
PMINUD;xmm;xmm/m128;;;0F;66;38;3B;r
PMAXSB;xmm;xmm/m128;;;0F;66;38;3C;r
PMAXSD;xmm;xmm/m128;;;0F;66;38;3D;r
PMAXUW;xmm;xmm/m128;;;0F;66;38;3E;r
PMAXUD;xmm;xmm/m128;;;0F;66;38;3F;r
PMULLD;xmm;xmm/m128;;;0F;66;38;40;r
PHMINPOSUW;xmm;xmm/m128;;;0F;66;38;41;r
INVEPT;r32;m128;;;0F;66;38;80;r
INVVPID;r32;m128;;;0F;66;38;81;r
MOVBE;r16/32;m16/32;;;0F;;38;F0;r
CRC32;r32;r/m8;;;0F;F2;38;F0;r
MOVBE;m16/32;r16/32;;;0F;;38;F1;r
CRC32;r32;r/m16/32;;;0F;F2;38;F1;r
ROUNDPS;xmm;xmm/m128;imm8;;0F;66;3A;8;r
ROUNDPD;xmm;xmm/m128;imm8;;0F;66;3A;9;r
ROUNDSS;xmm;xmm/m32;imm8;;0F;66;3A;0A;r
ROUNDSD;xmm;xmm/m64;imm8;;0F;66;3A;0B;r
BLENDPS;xmm;xmm/m128;imm8;;0F;66;3A;0C;r
BLENDPD;xmm;xmm/m128;imm8;;0F;66;3A;0D;r
PBLENDW;xmm;xmm/m128;imm8;;0F;66;3A;0E;r
PALIGNR;mm;mm/m64;;;0F;;3A;0F;r
PALIGNR;xmm;xmm/m128;;;0F;66;3A;0F;r
PEXTRB;m8;xmm;imm8;;0F;66;3A;14;r
PEXTRW;m16;xmm;imm8;;0F;66;3A;15;r
PEXTRD;r/m32;xmm;imm8;;0F;66;3A;16;r
PEXTRQ;r/m64;xmm;imm8;;0F;;;;
EXTRACTPS;r/m32;xmm;imm8;;0F;66;3A;17;r
PINSRB;xmm;m8;imm8;;0F;66;3A;20;r
PINSRB;xmm;r32;imm8;;0F;;;;
INSERTPS;xmm;m32;imm8;;0F;66;3A;21;r
INSERTPS;xmm;xmm;imm8;;0F;;;;
PINSRD;xmm;r/m32;imm8;;0F;66;3A;22;r
PINSRQ;xmm;r/m64;imm8;;0F;;;;
DPPS;xmm;xmm/m128;;;0F;66;3A;40;r
DPPD;xmm;xmm/m128;;;0F;66;3A;41;r
MPSADBW;xmm;xmm/m128;imm8;;0F;66;3A;42;r
PCMPESTRM;XMM0;xmm;xmm/m128;...;0F;66;3A;60;r
PCMPESTRI;ECX;xmm;xmm/m128;...;0F;66;3A;61;r
PCMPISTRM;XMM0;xmm;xmm/m128;imm8;0F;66;3A;62;r
PCMPISTRI;ECX;xmm;xmm/m128;imm8;0F;66;3A;63;r
CMOVO;r16/32;r/m16/32;;;0F;;40;;r
CMOVNO;r16/32;r/m16/32;;;0F;;41;;r
CMOVB;r16/32;r/m16/32;;;0F;;42;;r
CMOVNAE;r16/32;r/m16/32;;;0F;;42;;
CMOVC;r16/32;r/m16/32;;;0F;;42;;
CMOVNB;r16/32;r/m16/32;;;0F;;43;;r
CMOVAE;r16/32;r/m16/32;;;0F;;43;;
CMOVNC;r16/32;r/m16/32;;;0F;;43;;
CMOVZ;r16/32;r/m16/32;;;0F;;44;;r
CMOVE;r16/32;r/m16/32;;;0F;;44;;
CMOVNZ;r16/32;r/m16/32;;;0F;;45;;r
CMOVNE;r16/32;r/m16/32;;;0F;;45;;
CMOVBE;r16/32;r/m16/32;;;0F;;46;;r
CMOVNA;r16/32;r/m16/32;;;0F;;46;;
CMOVNBE;r16/32;r/m16/32;;;0F;;47;;r
CMOVA;r16/32;r/m16/32;;;0F;;47;;
CMOVS;r16/32;r/m16/32;;;0F;;48;;r
CMOVNS;r16/32;r/m16/32;;;0F;;49;;r
CMOVP;r16/32;r/m16/32;;;0F;;4A;;r
CMOVPE;r16/32;r/m16/32;;;0F;;4A;;
CMOVNP;r16/32;r/m16/32;;;0F;;4B;;r
CMOVPO;r16/32;r/m16/32;;;0F;;4B;;
CMOVL;r16/32;r/m16/32;;;0F;;4C;;r
CMOVNGE;r16/32;r/m16/32;;;0F;;4C;;
CMOVNL;r16/32;r/m16/32;;;0F;;4D;;r
CMOVGE;r16/32;r/m16/32;;;0F;;4D;;
CMOVLE;r16/32;r/m16/32;;;0F;;4E;;r
CMOVNG;r16/32;r/m16/32;;;0F;;4E;;
CMOVNLE;r16/32;r/m16/32;;;0F;;4F;;r
CMOVG;r16/32;r/m16/32;;;0F;;4F;;
MOVMSKPS;r32;xmm;;;0F;;50;;r
MOVMSKPD;r32;xmm;;;0F;66;50;;r
SQRTPS;xmm;xmm/m128;;;0F;;51;;r
SQRTSS;xmm;xmm/m32;;;0F;F3;51;;r
SQRTPD;xmm;xmm/m128;;;0F;66;51;;r
SQRTSD;xmm;xmm/m64;;;0F;F2;51;;r
RSQRTPS;xmm;xmm/m128;;;0F;;52;;r
RSQRTSS;xmm;xmm/m32;;;0F;F3;52;;r
RCPPS;xmm;xmm/m128;;;0F;;53;;r
RCPSS;xmm;xmm/m32;;;0F;F3;53;;r
ANDPS;xmm;xmm/m128;;;0F;;54;;r
ANDPD;xmm;xmm/m128;;;0F;66;54;;r
ANDNPS;xmm;xmm/m128;;;0F;;55;;r
ANDNPD;xmm;xmm/m128;;;0F;66;55;;r
ORPS;xmm;xmm/m128;;;0F;;56;;r
ORPD;xmm;xmm/m128;;;0F;66;56;;r
XORPS;xmm;xmm/m128;;;0F;;57;;r
XORPD;xmm;xmm/m128;;;0F;66;57;;r
ADDPS;xmm;xmm/m128;;;0F;;58;;r
ADDSS;xmm;xmm/m32;;;0F;F3;58;;r
ADDPD;xmm;xmm/m128;;;0F;66;58;;r
ADDSD;xmm;xmm/m64;;;0F;F2;58;;r
MULPS;xmm;xmm/m128;;;0F;;59;;r
MULSS;xmm;xmm/m32;;;0F;F3;59;;r
MULPD;xmm;xmm/m128;;;0F;66;59;;r
MULSD;xmm;xmm/m64;;;0F;F2;59;;r
CVTPS2PD;xmm;xmm/m128;;;0F;;5A;;r
CVTPD2PS;xmm;xmm/m128;;;0F;66;5A;;r
CVTSS2SD;xmm;xmm/m32;;;0F;F3;5A;;r
CVTSD2SS;xmm;xmm/m64;;;0F;F2;5A;;r
CVTDQ2PS;xmm;xmm/m128;;;0F;;5B;;r
CVTPS2DQ;xmm;xmm/m128;;;0F;66;5B;;r
CVTTPS2DQ;xmm;xmm/m128;;;0F;F3;5B;;r
SUBPS;xmm;xmm/m128;;;0F;;5C;;r
SUBSS;xmm;xmm/m32;;;0F;F3;5C;;r
SUBPD;xmm;xmm/m128;;;0F;66;5C;;r
SUBSD;xmm;xmm/m64;;;0F;F2;5C;;r
MINPS;xmm;xmm/m128;;;0F;;5D;;r
MINSS;xmm;xmm/m32;;;0F;F3;5D;;r
MINPD;xmm;xmm/m128;;;0F;66;5D;;r
MINSD;xmm;xmm/m64;;;0F;F2;5D;;r
DIVPS;xmm;xmm/m128;;;0F;;5E;;r
DIVSS;xmm;xmm/m32;;;0F;F3;5E;;r
DIVPD;xmm;xmm/m128;;;0F;66;5E;;r
DIVSD;xmm;xmm/m64;;;0F;F2;5E;;r
MAXPS;xmm;xmm/m128;;;0F;;5F;;r
MAXSS;xmm;xmm/m32;;;0F;F3;5F;;r
MAXPD;xmm;xmm/m128;;;0F;66;5F;;r
MAXSD;xmm;xmm/m64;;;0F;F2;5F;;r
PUNPCKLBW;mm;mm/m64;;;0F;;60;;r
PUNPCKLBW;xmm;xmm/m128;;;0F;66;60;;r
PUNPCKLWD;mm;mm/m64;;;0F;;61;;r
PUNPCKLWD;xmm;xmm/m128;;;0F;66;61;;r
PUNPCKLDQ;mm;mm/m64;;;0F;;62;;r
PUNPCKLDQ;xmm;xmm/m128;;;0F;66;62;;r
PACKSSWB;mm;mm/m64;;;0F;;63;;r
PACKSSWB;xmm;xmm/m128;;;0F;66;63;;r
PCMPGTB;mm;mm/m64;;;0F;;64;;r
PCMPGTB;xmm;xmm/m128;;;0F;66;64;;r
PCMPGTW;mm;mm/m64;;;0F;;65;;r
PCMPGTW;xmm;xmm/m128;;;0F;66;65;;r
PCMPGTD;mm;mm/m64;;;0F;;66;;r
PCMPGTD;xmm;xmm/m128;;;0F;66;66;;r
PACKUSWB;mm;mm/m64;;;0F;;67;;r
PACKUSWB;xmm;xmm/m128;;;0F;66;67;;r
PUNPCKHBW;mm;mm/m64;;;0F;;68;;r
PUNPCKHBW;xmm;xmm/m128;;;0F;66;68;;r
PUNPCKHWD;mm;mm/m64;;;0F;;69;;r
PUNPCKHWD;xmm;xmm/m128;;;0F;66;69;;r
PUNPCKHDQ;mm;mm/m64;;;0F;;6A;;r
PUNPCKHDQ;xmm;xmm/m128;;;0F;66;6A;;r
PACKSSDW;mm;mm/m64;;;0F;;6B;;r
PACKSSDW;xmm;xmm/m128;;;0F;66;6B;;r
PUNPCKLQDQ;xmm;xmm/m128;;;0F;66;6C;;r
PUNPCKHQDQ;xmm;xmm/m128;;;0F;66;6D;;r
MOVD;mm;r/m32;;;0F;;6E;;r
MOVD;xmm;r/m32;;;0F;66;6E;;r
MOVQ;mm;mm/m64;;;0F;;6F;;r
MOVDQA;xmm;xmm/m128;;;0F;66;6F;;r
MOVDQU;xmm;xmm/m128;;;0F;F3;6F;;r
PSHUFW;mm;mm/m64;imm8;;0F;;70;;r
PSHUFLW;xmm;xmm/m128;imm8;;0F;F2;70;;r
PSHUFHW;xmm;xmm/m128;imm8;;0F;F3;70;;r
PSHUFD;xmm;xmm/m128;imm8;;0F;66;70;;r
PSRLW;mm;imm8;;;0F;;71;;2
PSRLW;xmm;imm8;;;0F;66;71;;2
PSRAW;mm;imm8;;;0F;;71;;4
PSRAW;xmm;imm8;;;0F;66;71;;4
PSLLW;mm;imm8;;;0F;;71;;6
PSLLW;xmm;imm8;;;0F;66;71;;6
PSRLD;mm;imm8;;;0F;;72;;2
PSRLD;xmm;imm8;;;0F;66;72;;2
PSRAD;mm;imm8;;;0F;;72;;4
PSRAD;xmm;imm8;;;0F;66;72;;4
PSLLD;mm;imm8;;;0F;;72;;6
PSLLD;xmm;imm8;;;0F;66;72;;6
PSRLQ;mm;imm8;;;0F;;73;;2
PSRLQ;xmm;imm8;;;0F;66;73;;2
PSRLDQ;xmm;imm8;;;0F;66;73;;3
PSLLQ;mm;imm8;;;0F;;73;;6
PSLLQ;xmm;imm8;;;0F;66;73;;6
PSLLDQ;xmm;imm8;;;0F;66;73;;7
PCMPEQB;mm;mm/m64;;;0F;;74;;r
PCMPEQB;xmm;xmm/m128;;;0F;66;74;;r
PCMPEQW;mm;mm/m64;;;0F;;75;;r
PCMPEQW;xmm;xmm/m128;;;0F;66;75;;r
PCMPEQD;mm;mm/m64;;;0F;;76;;r
PCMPEQD;xmm;xmm/m128;;;0F;66;76;;r
EMMS;;;;;0F;;77;;
VMREAD;r/m32;r32;;;0F;;78;;r
VMWRITE;r32;r/m32;;;0F;;79;;r
HADDPD;xmm;xmm/m128;;;0F;66;7C;;r
HADDPS;xmm;xmm/m128;;;0F;F2;7C;;r
HSUBPD;xmm;xmm/m128;;;0F;66;7D;;r
HSUBPS;xmm;xmm/m128;;;0F;F2;7D;;r
MOVD;r/m32;mm;;;0F;;7E;;r
MOVD;r/m32;xmm;;;0F;66;7E;;r
MOVQ;xmm;xmm/m64;;;0F;F3;7E;;r
MOVQ;mm/m64;mm;;;0F;;7F;;r
MOVDQA;xmm/m128;xmm;;;0F;66;7F;;r
MOVDQU;xmm/m128;xmm;;;0F;F3;7F;;r
JO;rel16/32;;;;0F;;80;;
JNO;rel16/32;;;;0F;;81;;
JB;rel16/32;;;;0F;;82;;
JNAE;rel16/32;;;;0F;;82;;
JC;rel16/32;;;;0F;;82;;
JNB;rel16/32;;;;0F;;83;;
JAE;rel16/32;;;;0F;;83;;
JNC;rel16/32;;;;0F;;83;;
JZ;rel16/32;;;;0F;;84;;
JE;rel16/32;;;;0F;;84;;
JNZ;rel16/32;;;;0F;;85;;
JNE;rel16/32;;;;0F;;85;;
JBE;rel16/32;;;;0F;;86;;
JNA;rel16/32;;;;0F;;86;;
JNBE;rel16/32;;;;0F;;87;;
JA;rel16/32;;;;0F;;87;;
JS;rel16/32;;;;0F;;88;;
JNS;rel16/32;;;;0F;;89;;
JP;rel16/32;;;;0F;;8A;;
JPE;rel16/32;;;;0F;;8A;;
JNP;rel16/32;;;;0F;;8B;;
JPO;rel16/32;;;;0F;;8B;;
JL;rel16/32;;;;0F;;8C;;
JNGE;rel16/32;;;;0F;;8C;;
JNL;rel16/32;;;;0F;;8D;;
JGE;rel16/32;;;;0F;;8D;;
JLE;rel16/32;;;;0F;;8E;;
JNG;rel16/32;;;;0F;;8E;;
JNLE;rel16/32;;;;0F;;8F;;
JG;rel16/32;;;;0F;;8F;;
SETO;r/m8;;;;0F;;90;;0
SETNO;r/m8;;;;0F;;91;;0
SETB;r/m8;;;;0F;;92;;0
SETNAE;r/m8;;;;0F;;92;;
SETC;r/m8;;;;0F;;92;;
SETNB;r/m8;;;;0F;;93;;0
SETAE;r/m8;;;;0F;;93;;
SETNC;r/m8;;;;0F;;93;;
SETZ;r/m8;;;;0F;;94;;0
SETE;r/m8;;;;0F;;94;;
SETNZ;r/m8;;;;0F;;95;;0
SETNE;r/m8;;;;0F;;95;;
SETBE;r/m8;;;;0F;;96;;0
SETNA;r/m8;;;;0F;;96;;
SETNBE;r/m8;;;;0F;;97;;0
SETA;r/m8;;;;0F;;97;;
SETS;r/m8;;;;0F;;98;;0
SETNS;r/m8;;;;0F;;99;;0
SETP;r/m8;;;;0F;;9A;;0
SETPE;r/m8;;;;0F;;9A;;
SETNP;r/m8;;;;0F;;9B;;0
SETPO;r/m8;;;;0F;;9B;;
SETL;r/m8;;;;0F;;9C;;0
SETNGE;r/m8;;;;0F;;9C;;
SETNL;r/m8;;;;0F;;9D;;0
SETGE;r/m8;;;;0F;;9D;;
SETLE;r/m8;;;;0F;;9E;;0
SETNG;r/m8;;;;0F;;9E;;
SETNLE;r/m8;;;;0F;;9F;;0
SETG;r/m8;;;;0F;;9F;;
PUSH;FS;;;;0F;;A0;;
POP;FS;;;;0F;;A1;;
CPUID;IA32_BIOS_…;EAX;ECX;...;0F;;A2;;
BT;r/m16/32;r16/32;;;0F;;A3;;r
SHLD;r/m16/32;r16/32;imm8;;0F;;A4;;r
SHLD;r/m16/32;r16/32;CL;;0F;;A5;;r
PUSH;GS;;;;0F;;A8;;
POP;GS;;;;0F;;A9;;
RSM;Flags;;;;0F;;AA;;
BTS;r/m16/32;r16/32;;;0F;;AB;;r
SHRD;r/m16/32;r16/32;imm8;;0F;;AC;;r
SHRD;r/m16/32;r16/32;CL;;0F;;AD;;r
FXSAVE;m512;ST;ST1;...;0F;;AE;;0
FXRSTOR;ST;ST1;ST2;...;0F;;AE;;1
LDMXCSR;m32;;;;0F;;AE;;2
STMXCSR;m32;;;;0F;;AE;;3
XSAVE;m;EDX;EAX;...;0F;;AE;;4
LFENCE;;;;;0F;;AE;;5
XRSTOR;ST;ST1;ST2;...;0F;;AE;;5
MFENCE;;;;;0F;;AE;;6
SFENCE;;;;;0F;;AE;;7
CLFLUSH;m8;;;;0F;;AE;;7
IMUL;r16/32;r/m16/32;;;0F;;AF;;r
CMPXCHG;r/m8;AL;r8;;0F;;B0;;r
CMPXCHG;r/m16/32;eAX;r16/32;;0F;;B1;;r
LSS;SS;r16/32;m16:16/32;;0F;;B2;;r
BTR;r/m16/32;r16/32;;;0F;;B3;;r
LFS;FS;r16/32;m16:16/32;;0F;;B4;;r
LGS;GS;r16/32;m16:16/32;;0F;;B5;;r
MOVZX;r16/32;r/m8;;;0F;;B6;;r
MOVZX;r16/32;r/m16;;;0F;;B7;;r
POPCNT;r16/32;r/m16/32;;;0F;F3;B8;;r
UD;r;r/m;;;0F;;B9;;r
BT;r/m16/32;imm8;;;0F;;BA;;4
BTS;r/m16/32;imm8;;;0F;;BA;;5
BTR;r/m16/32;imm8;;;0F;;BA;;6
BTC;r/m16/32;imm8;;;0F;;BA;;7
BTC;r/m16/32;r16/32;;;0F;;BB;;r
BSF;r16/32;r/m16/32;;;0F;;BC;;r
BSR;r16/32;r/m16/32;;;0F;;BD;;r
MOVSX;r16/32;r/m8;;;0F;;BE;;r
MOVSX;r16/32;r/m16;;;0F;;BF;;r
XADD;r/m8;r8;;;0F;;C0;;r
XADD;r/m16/32;r16/32;;;0F;;C1;;r
CMPPS;xmm;xmm/m128;imm8;;0F;;C2;;r
CMPSS;xmm;xmm/m32;imm8;;0F;F3;C2;;r
CMPPD;xmm;xmm/m128;imm8;;0F;66;C2;;r
CMPSD;xmm;xmm/m64;imm8;;0F;F2;C2;;r
MOVNTI;m32;r32;;;0F;;C3;;r
PINSRW;mm;r32;imm8;;0F;;C4;;r
PINSRW;mm;m16;imm8;;0F;;;;
PINSRW;xmm;r32;imm8;;0F;66;C4;;r
PINSRW;xmm;m16;imm8;;0F;;;;
PEXTRW;r32;mm;imm8;;0F;;C5;;r
PEXTRW;r32;xmm;imm8;;0F;66;C5;;r
SHUFPS;xmm;xmm/m128;imm8;;0F;;C6;;r
SHUFPD;xmm;xmm/m128;imm8;;0F;66;C6;;r
CMPXCHG8B;m64;EAX;EDX;...;0F;;C7;;1
VMPTRLD;m64;;;;0F;;C7;;6
VMCLEAR;m64;;;;0F;66;C7;;6
VMXON;m64;;;;0F;F3;C7;;6
VMPTRST;m64;;;;0F;;C7;;7
BSWAP;r16/32;;;;0F;;C8+r;;
ADDSUBPD;xmm;xmm/m128;;;0F;66;D0;;r
ADDSUBPS;xmm;xmm/m128;;;0F;F2;D0;;r
PSRLW;mm;mm/m64;;;0F;;D1;;r
PSRLW;xmm;xmm/m128;;;0F;66;D1;;r
PSRLD;mm;mm/m64;;;0F;;D2;;r
PSRLD;xmm;xmm/m128;;;0F;66;D2;;r
PSRLQ;mm;mm/m64;;;0F;;D3;;r
PSRLQ;xmm;xmm/m128;;;0F;66;D3;;r
PADDQ;mm;mm/m64;;;0F;;D4;;r
PADDQ;xmm;xmm/m128;;;0F;66;D4;;r
PMULLW;mm;mm/m64;;;0F;;D5;;r
PMULLW;xmm;xmm/m128;;;0F;66;D5;;r
MOVQ;xmm/m64;xmm;;;0F;66;D6;;r
MOVQ2DQ;xmm;mm;;;0F;F3;D6;;r
MOVDQ2Q;mm;xmm;;;0F;F2;D6;;r
PMOVMSKB;r32;mm;;;0F;;D7;;r
PMOVMSKB;r32;xmm;;;0F;66;D7;;r
PSUBUSB;mm;mm/m64;;;0F;;D8;;r
PSUBUSB;xmm;xmm/m128;;;0F;66;D8;;r
PSUBUSW;mm;mm/m64;;;0F;;D9;;r
PSUBUSW;xmm;xmm/m128;;;0F;66;D9;;r
PMINUB;mm;mm/m64;;;0F;;DA;;r
PMINUB;xmm;xmm/m128;;;0F;66;DA;;r
PAND;mm;mm/m64;;;0F;;DB;;r
PAND;xmm;xmm/m128;;;0F;66;DB;;r
PADDUSB;mm;mm/m64;;;0F;;DC;;r
PADDUSB;xmm;xmm/m128;;;0F;66;DC;;r
PADDUSW;mm;mm/m64;;;0F;;DD;;r
PADDUSW;xmm;xmm/m128;;;0F;66;DD;;r
PMAXUB;mm;mm/m64;;;0F;;DE;;r
PMAXUB;xmm;xmm/m128;;;0F;66;DE;;r
PANDN;mm;mm/m64;;;0F;;DF;;r
PANDN;xmm;xmm/m128;;;0F;66;DF;;r
PAVGB;mm;mm/m64;;;0F;;E0;;r
PAVGB;xmm;xmm/m128;;;0F;66;E0;;r
PSRAW;mm;mm/m64;;;0F;;E1;;r
PSRAW;xmm;xmm/m128;;;0F;66;E1;;r
PSRAD;mm;mm/m64;;;0F;;E2;;r
PSRAD;xmm;xmm/m128;;;0F;66;E2;;r
PAVGW;mm;mm/m64;;;0F;;E3;;r
PAVGW;xmm;xmm/m128;;;0F;66;E3;;r
PMULHUW;mm;mm/m64;;;0F;;E4;;r
PMULHUW;xmm;xmm/m128;;;0F;66;E4;;r
PMULHW;mm;mm/m64;;;0F;;E5;;r
PMULHW;xmm;xmm/m128;;;0F;66;E5;;r
CVTPD2DQ;xmm;xmm/m128;;;0F;F2;E6;;r
CVTTPD2DQ;xmm;xmm/m128;;;0F;66;E6;;r
CVTDQ2PD;xmm;xmm/m128;;;0F;F3;E6;;r
MOVNTQ;m64;mm;;;0F;;E7;;r
MOVNTDQ;m128;xmm;;;0F;66;E7;;r
PSUBSB;mm;mm/m64;;;0F;;E8;;r
PSUBSB;xmm;xmm/m128;;;0F;66;E8;;r
PSUBSW;mm;mm/m64;;;0F;;E9;;r
PSUBSW;xmm;xmm/m128;;;0F;66;E9;;r
PMINSW;mm;mm/m64;;;0F;;EA;;r
PMINSW;xmm;xmm/m128;;;0F;66;EA;;r
POR;mm;mm/m64;;;0F;;EB;;r
POR;xmm;xmm/m128;;;0F;66;EB;;r
PADDSB;mm;mm/m64;;;0F;;EC;;r
PADDSB;xmm;xmm/m128;;;0F;66;EC;;r
PADDSW;mm;mm/m64;;;0F;;ED;;r
PADDSW;xmm;xmm/m128;;;0F;66;ED;;r
PMAXSW;mm;mm/m64;;;0F;;EE;;r
PMAXSW;xmm;xmm/m128;;;0F;66;EE;;r
PXOR;mm;mm/m64;;;0F;;EF;;r
PXOR;xmm;xmm/m128;;;0F;66;EF;;r
LDDQU;xmm;m128;;;0F;F2;F0;;r
PSLLW;mm;mm/m64;;;0F;;F1;;r
PSLLW;xmm;xmm/m128;;;0F;66;F1;;r
PSLLD;mm;mm/m64;;;0F;;F2;;r
PSLLD;xmm;xmm/m128;;;0F;66;F2;;r
PSLLQ;mm;mm/m64;;;0F;;F3;;r
PSLLQ;xmm;xmm/m128;;;0F;66;F3;;r
PMULUDQ;mm;mm/m64;;;0F;;F4;;r
PMULUDQ;xmm;xmm/m128;;;0F;66;F4;;r
PMADDWD;mm;mm/m64;;;0F;;F5;;r
PMADDWD;xmm;xmm/m128;;;0F;66;F5;;r
PSADBW;mm;mm/m64;;;0F;;F6;;r
PSADBW;xmm;xmm/m128;;;0F;66;F6;;r
MASKMOVQ;m64;mm;mm;;0F;;F7;;r
MASKMOVDQU;m128;xmm;xmm;;0F;66;F7;;r
PSUBB;mm;mm/m64;;;0F;;F8;;r
PSUBB;xmm;xmm/m128;;;0F;66;F8;;r
PSUBW;mm;mm/m64;;;0F;;F9;;r
PSUBW;xmm;xmm/m128;;;0F;66;F9;;r
PSUBD;mm;mm/m64;;;0F;;FA;;r
PSUBD;xmm;xmm/m128;;;0F;66;FA;;r
PSUBQ;mm;mm/m64;;;0F;;FB;;r
PSUBQ;xmm;xmm/m128;;;0F;66;FB;;r
PADDB;mm;mm/m64;;;0F;;FC;;r
PADDB;xmm;xmm/m128;;;0F;66;FC;;r
PADDW;mm;mm/m64;;;0F;;FD;;r
PADDW;xmm;xmm/m128;;;0F;66;FD;;r
PADDD;mm;mm/m64;;;0F;;FE;;r
PADDD;xmm;xmm/m128;;;0F;66;FE;;r
